Ledurrents,rstarPerSecond,ndf_4_4,ndf_3_4,ndf_2_4,ndf_1_4,ndf_5x0_4,ndf_5x0_3
10,36099037.32,0.06,0.42,7.9,99.43,846.24,18092.38
11,49624163.7,0.09,0.58,10.86,136.68,1163.3,24871
12,64105878.66,0.11,0.75,14.02,176.56,1502.79,32129.05
13,80513412.82,0.14,0.95,17.61,221.75,1887.42,40352.29
14,94968465.38,0.17,1.12,20.78,261.56,2226.28,47596.98
15,109001107.84,0.19,1.28,23.85,300.21,2555.24,54629.96
16,124805021.78,0.22,1.47,27.3,343.74,2925.72,62550.68
17,138787182.49,0.25,1.63,30.36,382.25,3253.49,69558.36
18,152687202.34,0.27,1.79,33.4,420.54,3579.34,76524.88
19,168444389.81,0.3,1.98,36.85,463.93,3948.72,84422.18
20,181648378.76,0.32,2.13,39.74,500.3,4258.25,91039.85
21,195475893.31,0.35,2.3,42.77,538.39,4582.4,97970.02
22,210233051.88,0.37,2.47,45.99,579.03,4928.34,105366.12
23,223717562.78,0.4,2.63,48.94,616.17,5244.45,112124.39
24,237162259.71,0.42,2.79,51.89,653.2,5559.63,118862.7
25,251116100.19,0.45,2.95,54.94,691.63,5886.74,125856.18
26,267110270.09,0.47,3.14,58.44,735.68,6261.68,133872.26
27,281087341.19,0.5,3.3,61.5,774.18,6589.33,140877.39
28,295024095.65,0.52,3.47,64.54,812.56,6916.04,147862.31
29,309350293.75,0.55,3.63,67.68,852.02,7251.88,155042.42
30,322082713.78,0.57,3.78,70.46,887.09,7550.36,161423.74
31,334296944.92,0.59,3.93,73.14,920.73,7836.69,167545.36
32,349181020.73,0.62,4.1,76.39,961.72,8185.6,175005.07
33,361812177.74,0.64,4.25,79.16,996.51,8481.71,181335.64
34,374260096.44,0.67,4.4,81.88,1030.8,8773.51,187574.38
35,386601862.65,0.69,4.54,84.58,1064.79,9062.83,193759.92
36,399729102.02,0.71,4.7,87.45,1100.95,9370.56,200339.12
37,412067728.15,0.73,4.84,90.15,1134.93,9659.81,206523.08
38,423883957.96,0.75,4.98,92.74,1167.47,9936.81,212445.23
39,437259493.05,0.78,5.14,95.66,1204.31,10250.36,219148.88
40,449907134.62,0.8,5.29,98.43,1239.15,10546.85,225487.71
41,461893536.37,0.82,5.43,101.05,1272.16,10827.84,231495.14
42,475060244.92,0.84,5.58,103.93,1308.42,11136.5,238094.13
43,487027086.79,0.87,5.72,106.55,1341.38,11417.03,244091.76
44,498154410.54,0.89,5.85,108.98,1372.03,11677.88,249668.63
45,511044612.91,0.91,6,111.8,1407.53,11980.06,256129.04
46,522130988.69,0.93,6.13,114.23,1438.07,12239.95,261685.39
47,533600363.54,0.95,6.27,116.74,1469.66,12508.81,267433.69
48,544870700.32,0.97,6.4,119.2,1500.7,12773.02,273082.24
49,558962623.19,0.99,6.57,122.29,1539.51,13103.36,280144.93
50,569318587.17,1.01,6.69,124.55,1568.03,13346.13,285335.21
51,580665704.5,1.03,6.82,127.04,1599.29,13612.13,291022.24
52,593222971,1.05,6.97,129.78,1633.87,13906.5,297315.78
53,603960405.05,1.07,7.1,132.13,1663.45,14158.21,302697.24
54,614705280.23,1.09,7.22,134.48,1693.04,14410.1,308082.44
55,627541311.88,1.12,7.37,137.29,1728.39,14711,314515.69
56,638272640.75,1.14,7.5,139.64,1757.95,14962.57,319894.1
57,648778337.94,1.15,7.62,141.94,1786.88,15208.85,325159.42
58,659596839.8,1.17,7.75,144.3,1816.68,15462.46,330581.52
59,672261457.7,1.2,7.9,147.07,1851.56,15759.35,336928.86
60,681843598.59,1.21,8.01,149.17,1877.95,15983.97,341731.31
61,693385996.14,1.23,8.15,151.7,1909.74,16254.55,347516.21
62,705201184.69,1.25,8.29,154.28,1942.29,16531.53,353437.83
63,714999511.93,1.27,8.4,156.42,1969.27,16761.22,358348.63
64,725117613.03,1.29,8.52,158.64,1997.14,16998.42,363419.69
65,736898715.39,1.31,8.66,161.22,2029.59,17274.59,369324.23
66,747586932.7,1.33,8.78,163.55,2059.03,17525.15,374681.03
67,757976870.16,1.35,8.91,165.83,2087.64,17768.71,379888.33
68,770089189.12,1.37,9.05,168.48,2121,18052.65,385958.87
69,780517198.31,1.39,9.17,170.76,2149.72,18297.11,391185.26
70,790431018.19,1.41,9.29,172.93,2177.03,18529.51,396153.94
71,800355756.9,1.42,9.4,175.1,2204.36,18762.17,401128.09
72,811719767.97,1.44,9.54,177.58,2235.66,19028.57,406823.58
73,821031260.61,1.46,9.65,179.62,2261.31,19246.85,411490.39
74,830758530.41,1.48,9.76,181.75,2288.1,19474.88,416365.57
75,842544979.86,1.5,9.9,184.33,2320.56,19751.18,422272.79
76,853235564.83,1.52,10.02,186.67,2350.01,20001.79,427630.77
77,862777926.27,1.53,10.14,188.76,2376.29,20225.49,432413.28
78,873375405.03,1.55,10.26,191.07,2405.48,20473.92,437724.6
79,883909336.27,1.57,10.39,193.38,2434.49,20720.86,443004.08
80,893761401.46,1.59,10.5,195.53,2461.62,20951.81,447941.8
81,902944351.41,1.61,10.61,197.54,2486.92,21167.08,452544.18
82,913271157.56,1.62,10.73,199.8,2515.36,21409.17,457719.85
83,923545826.8,1.64,10.85,202.05,2543.66,21650.03,462869.38
84,933021229.8,1.66,10.96,204.12,2569.75,21872.15,467618.33
85,943284594.88,1.68,11.08,206.37,2598.02,22112.75,472762.2
86,952593923.68,1.69,11.19,208.4,2623.66,22330.98,477427.91
87,962229816.83,1.71,11.31,210.51,2650.2,22556.87,482257.3
88,972471328.66,1.73,11.43,212.75,2678.41,22796.95,487390.21
89,982051996.53,1.75,11.54,214.85,2704.8,23021.55,492191.92
90,991061854.62,1.76,11.64,216.82,2729.61,23232.76,496707.55
91,1001747724.85,1.78,11.77,219.16,2759.04,23483.26,502063.17
92,1010860924.46,1.8,11.88,221.15,2784.14,23696.89,506630.59
93,1019852271.2,1.81,11.98,223.12,2808.91,23907.67,511136.94
94,1029351421.68,1.83,12.09,225.2,2835.07,24130.35,515897.79
95,1040230497.65,1.85,12.22,227.58,2865.03,24385.38,521350.25
96,1049194842.13,1.87,12.33,229.54,2889.72,24595.53,525843.06
97,1057760716.61,1.88,12.43,231.41,2913.31,24796.33,530136.17
98,1068693030.24,1.9,12.56,233.8,2943.43,25052.61,535615.3
99,1077150374.01,1.92,12.66,235.65,2966.72,25250.87,539854.02
100,1085679642.25,1.93,12.76,237.52,2990.21,25450.82,544128.78
101,1096148742.24,1.95,12.88,239.81,3019.04,25696.23,549375.76
102,1104826286.5,1.96,12.98,241.71,3042.94,25899.66,553724.83
103,1113661279.99,1.98,13.08,243.64,3067.28,26106.77,558152.82
104,1121805817.09,1.99,13.18,245.42,3089.71,26297.7,562234.75
105,1131773334.26,2.01,13.3,247.61,3117.16,26531.36,567230.35
106,1140654490.26,2.03,13.4,249.55,3141.62,26739.55,571681.47
107,1149498040.7,2.04,13.51,251.48,3165.98,26946.86,576113.74
108,1158424650.32,2.06,13.61,253.44,3190.57,27156.12,580587.65
109,1166966973.62,2.08,13.71,255.3,3214.09,27356.38,584868.95
110,1175893991.92,2.09,13.82,257.26,3238.68,27565.65,589343.06
111,1184991799.67,2.11,13.92,259.25,3263.74,27778.92,593902.76
112,1192492346.64,2.12,14.01,260.89,3284.4,27954.75,597661.94
113,1201212133.91,2.14,14.11,262.8,3308.41,28159.16,602032.19
114,1210711304.97,2.15,14.22,264.87,3334.58,28381.84,606793.05
115,1218457953.96,2.17,14.32,266.57,3355.91,28563.44,610675.57
116,1226659337.95,2.18,14.41,268.36,3378.5,28755.7,614786
117,1234678678.03,2.2,14.51,270.12,3400.59,28943.69,618805.19
118,1244181604.43,2.21,14.62,272.2,3426.76,29166.46,623567.94
119,1251921665.26,2.23,14.71,273.89,3448.08,29347.91,627447.16
120,1259980100,2.24,14.8,275.65,3470.27,29536.82,631485.94
121,1268805212.63,2.26,14.91,277.58,3494.58,29743.7,635908.97
122,1276631668.28,2.27,15,279.3,3516.14,29927.17,639831.49
123,1284826147.83,2.28,15.1,281.09,3538.71,30119.26,643938.46
124,1292919603.08,2.3,15.19,282.86,3561,30308.99,647994.8
125,1300671136.26,2.31,15.28,284.56,3582.35,30490.71,651879.77
126,1308269989.93,2.33,15.37,286.22,3603.27,30668.84,655688.22
127,1315766109.07,2.34,15.46,287.86,3623.92,30844.57,659445.18
128,1324544749.43,2.36,15.56,289.78,3648.1,31050.36,663844.92
129,1332125752.96,2.37,15.65,291.44,3668.98,31228.08,667644.42
130,1339846557.15,2.38,15.74,293.13,3690.24,31409.07,671513.99
131,1348393438.82,2.4,15.84,295,3713.78,31609.43,675797.58
132,1355517760.89,2.41,15.93,296.55,3733.41,31776.44,679368.2
133,1362927244.23,2.42,16.01,298.18,3753.81,31950.13,683081.74
134,1371781577.44,2.44,16.12,300.11,3778.2,32157.7,687519.41
135,1379146758.11,2.45,16.2,301.72,3798.49,32330.36,691210.75
136,1386187388.91,2.47,16.29,303.26,3817.88,32495.4,694739.42
137,1393935657.51,2.48,16.38,304.96,3839.22,32677.04,698622.76
138,1401228033.11,2.49,16.46,306.56,3859.3,32847.99,702277.6
139,1408360016.97,2.5,16.55,308.12,3878.95,33015.18,705852.06
140,1415085377.53,2.52,16.63,309.59,3897.47,33172.84,709222.73
141,1423577368.04,2.53,16.73,311.44,3920.86,33371.91,713478.8
142,1430195210.78,2.54,16.8,312.89,3939.08,33527.05,716795.58
143,1436871160.06,2.56,16.88,314.35,3957.47,33683.55,720141.48
144,1444706367.7,2.57,16.97,316.07,3979.05,33867.22,724068.39
145,1451425720.73,2.58,17.05,317.54,3997.56,34024.74,727436.04
146,1458544223.53,2.59,17.14,319.09,4017.16,34191.61,731003.74
147,1466206476.11,2.61,17.23,320.77,4038.27,34371.23,734843.97
148,1472896010.12,2.62,17.31,322.23,4056.69,34528.05,738196.68
149,1478971491.26,2.63,17.38,323.56,4073.43,34670.48,741241.63
150,1486632827.35,2.64,17.47,325.24,4094.53,34850.08,745081.39
151,1493422180.99,2.66,17.55,326.73,4113.23,35009.23,748484.13
152,1499667298.12,2.67,17.62,328.09,4130.43,35155.63,751614.1
153,1505687530.13,2.68,17.69,329.41,4147.01,35296.76,754631.37
154,1513840748.94,2.69,17.79,331.19,4169.46,35487.89,758717.66
155,1519779757,2.7,17.86,332.49,4185.82,35627.11,761694.21
156,1526014759.33,2.71,17.93,333.86,4202.99,35773.28,764819.12
157,1532858007.56,2.73,18.01,335.35,4221.84,35933.7,768248.86
158,1539287388.18,2.74,18.09,336.76,4239.55,36084.42,771471.19
159,1545668286.8,2.75,18.16,338.16,4257.12,36234,774669.21
160,1552157784.92,2.76,18.24,339.58,4275,36386.13,777921.67
161,1558299388.08,2.77,18.31,340.92,4291.91,36530.1,780999.76
162,1564124398.1,2.78,18.38,342.19,4307.96,36666.65,783919.18
163,1570149451.55,2.79,18.45,343.51,4324.55,36807.9,786938.86
164,1577042658.81,2.8,18.53,345.02,4343.54,36969.49,790393.65
165,1582972420.11,2.81,18.6,346.32,4359.87,37108.5,793365.57
166,1588454487.15,2.82,18.66,347.52,4374.97,37237.01,796113.11
167,1595045483.26,2.84,18.74,348.96,4393.12,37391.52,799416.43
168,1601867526.4,2.85,18.82,350.45,4411.91,37551.44,802835.55
169,1607140709.41,2.86,18.88,351.6,4426.43,37675.06,805478.41
170,1613336015.13,2.87,18.96,352.96,4443.5,37820.29,808583.41
171,1618882826.56,2.88,19.02,354.17,4458.77,37950.32,811363.41
172,1624426672.64,2.89,19.09,355.39,4474.04,38080.28,814141.91
173,1630610693.77,2.9,19.16,356.74,4491.07,38225.25,817241.26
174,1636007193.38,2.91,19.22,357.92,4505.94,38351.75,819945.92
175,1641356535.91,2.92,19.28,359.09,4520.67,38477.15,822626.94
176,1646795432.9,2.93,19.35,360.28,4535.65,38604.65,825352.85
177,1653188024.53,2.94,19.42,361.68,4553.26,38754.51,828556.73
178,1658931689.11,2.95,19.49,362.93,4569.08,38889.15,831435.38
179,1664209294.43,2.96,19.55,364.09,4583.61,39012.87,834080.45
180,1670283778.49,2.97,19.62,365.42,4600.34,39155.27,837124.91
181,1674785803.05,2.98,19.68,366.4,4612.74,39260.81,839381.26
182,1679994266.27,2.99,19.74,367.54,4627.09,39382.91,841991.68
183,1685501135.84,3,19.8,368.75,4642.26,39512,844751.65
184,1690358523.86,3.01,19.86,369.81,4655.63,39625.87,847186.11
185,1695397174.61,3.01,19.92,370.91,4669.51,39743.99,849711.42
186,1700285756.51,3.02,19.98,371.98,4682.98,39858.59,852161.51
187,1705396614.88,3.03,20.04,373.1,4697.05,39978.4,854723.01
188,1709866129.18,3.04,20.09,374.08,4709.36,40083.17,856963.08
189,1714591566.1,3.05,20.14,375.11,4722.38,40193.95,859331.4
190,1720054165.63,3.06,20.21,376.31,4737.42,40322.01,862069.19
191,1724354896.92,3.07,20.26,377.25,4749.27,40422.82,864224.66
192,1728968122.09,3.07,20.31,378.26,4761.97,40530.97,866536.75
193,1734839535.36,3.09,20.38,379.54,4778.14,40668.61,869479.43
194,1739173415.51,3.09,20.43,380.49,4790.08,40770.2,871651.51
195,1743074396.07,3.1,20.48,381.34,4800.83,40861.65,873606.63
196,1748082420.75,3.11,20.54,382.44,4814.62,40979.05,876116.59
197,1752768475.34,3.12,20.59,383.46,4827.53,41088.9,878465.18
198,1757395490.82,3.13,20.65,384.48,4840.27,41197.37,880784.18
199,1761314939.3,3.13,20.69,385.33,4851.06,41289.25,882748.56
200,1765609182.84,3.14,20.74,386.27,4862.89,41389.92,884900.78
201,1769934416.93,3.15,20.79,387.22,4874.8,41491.31,887068.53
202,1773843980.54,3.15,20.84,388.07,4885.57,41582.96,889027.96
203,1778514256.94,3.16,20.9,389.1,4898.44,41692.44,891368.64
204,1782400970.74,3.17,20.94,389.95,4909.14,41783.56,893316.61
205,1786530203.92,3.18,20.99,390.85,4920.51,41880.36,895386.13
206,1791324988.53,3.19,21.05,391.9,4933.72,41992.76,897789.22
207,1795856554.48,3.19,21.1,392.89,4946.2,42098.99,900060.38
208,1798746065.71,3.2,21.13,393.52,4954.16,42166.72,901508.56
209,1802757936.87,3.21,21.18,394.4,4965.21,42260.77,903519.26
210,1806973798.82,3.21,21.23,395.32,4976.82,42359.6,905632.2
211,1810603981.26,3.22,21.27,396.12,4986.82,42444.7,907451.6
212,1813890594.15,3.23,21.31,396.84,4995.87,42521.75,909098.81
213,1817729063.43,3.23,21.36,397.68,5006.44,42611.73,911022.6
214,1821121654.36,3.24,21.4,398.42,5015.79,42691.26,912722.92
215,1824517540.24,3.24,21.44,399.16,5025.14,42770.87,914424.9
216,1828915988.83,3.25,21.49,400.12,5037.25,42873.98,916629.34
217,1832659916.77,3.26,21.53,400.94,5047.56,42961.74,918505.75
218,1835315474.86,3.26,21.56,401.52,5054.88,43023.99,919836.69
219,1839171370.05,3.27,21.61,402.37,5065.5,43114.39,921769.21
220,1842744548.2,3.28,21.65,403.15,5075.34,43198.15,923560.04
221,1846525586.44,3.28,21.69,403.98,5085.75,43286.78,925455.05
222,1849111701.19,3.29,21.73,404.54,5092.88,43347.41,926751.18
223,1852909274.21,3.29,21.77,405.37,5103.34,43436.43,928654.47
224,1855820473.01,3.3,21.8,406.01,5111.35,43504.68,930113.53
225,1858052021.3,3.3,21.83,406.5,5117.5,43556.99,931231.95
226,1862275509.9,3.31,21.88,407.42,5129.13,43656,933348.71
227,1865691626.9,3.32,21.92,408.17,5138.54,43736.08,935060.83
228,1868116072.94,3.32,21.95,408.7,5145.22,43792.92,936275.93
229,1871110430.34,3.33,21.98,409.35,5153.47,43863.11,937776.66
230,1873844686.56,3.33,22.02,409.95,5161,43927.21,939147.03
231,1876048773.2,3.34,22.04,410.43,5167.07,43978.88,940251.69
232,1878682444.66,3.34,22.07,411.01,5174.32,44040.62,941571.66
233,1882769047.75,3.35,22.12,411.9,5185.58,44136.41,943619.81
234,1885046527.11,3.35,22.15,412.4,5191.85,44189.8,944761.25
235,1887106834.86,3.36,22.17,412.85,5197.52,44238.1,945793.85
236,1889844481.92,3.36,22.2,413.45,5205.06,44302.28,947165.93
237,1892193477.09,3.36,22.23,413.97,5211.53,44357.34,948343.21
238,1894777387.33,3.37,22.26,414.53,5218.65,44417.92,949638.24
239,1897683797.33,3.37,22.3,415.17,5226.66,44486.05,951094.89
240,1900259684.31,3.38,22.33,415.73,5233.75,44546.44,952385.89
241,1901992444.69,3.38,22.35,416.11,5238.52,44587.05,953254.33
242,1904977157.45,3.39,22.38,416.76,5246.74,44657.02,954750.23
243,1906850762,3.39,22.4,417.17,5251.9,44700.95,955689.26
244,1908727446.88,3.39,22.43,417.58,5257.07,44744.94,956629.83
245,1911380379.49,3.4,22.46,418.16,5264.38,44807.13,957959.44
246,1913445358.56,3.4,22.48,418.62,5270.07,44855.54,958994.39
247,1915962384.17,3.41,22.51,419.17,5277,44914.54,960255.89
248,1918043275.47,3.41,22.54,419.62,5282.73,44963.32,961298.8
249,1920379643.07,3.41,22.56,420.13,5289.16,45018.09,962469.76
250,1922257026.3,3.42,22.58,420.54,5294.34,45062.1,963410.68
251,1923608005.08,3.42,22.6,420.84,5298.06,45093.77,964087.77
252,1926152242.56,3.43,22.63,421.4,5305.06,45153.42,965362.91
253,1928162279.01,3.43,22.65,421.84,5310.6,45200.54,966370.32
254,1929649646.27,3.43,22.67,422.16,5314.7,45235.4,967115.77
255,1930691806.67,3.43,22.68,422.39,5317.57,45259.83,967638.09
